id,descrizione,livello,timestampArrivo
T001,Server di produzione irraggiungibile,CRITICO,1732000000
T002,Richiesta nuovo account email,BASSO,1732000100
T003,Stampante piano 2 non funziona,MEDIO,1732000050
T004,Database bloccato,critico,1732000020
T005,Rete Wi-Fi aziendale down,CRITICO,1732000010
T006,Password dimenticata utente,basso,1732000300
T007,Attacco Malware in corso,CRITICO,1732000005
T008,Crash applicativo contabilità,ALTO,1732000080
T009,Lentezza PC segreteria,MEDIO,1732000200
T010,Configurazione VPN portatile,ALTO,1732000090
T011,Sostituzione mouse guasto,BASSO,1732000400
T012,Impossibile inviare PEC,ALTO,1732000110
T013,Interruzione linea fibra,CRITICO,1732000001
T014,Riga Corrotta Senza Timestamp,MEDIO
T015,Monitor sfarfalla,MEDIO,1732000250
T016,Problema permessi cartella condivisa,ALTO,1732000120